{
  "joblib": {
    "n_calls": 500,
    "mean_ms": 0.21185215568402782,
    "p50_ms": 0.2030414980254136,
    "p95_ms": 0.2656711585586887,
    "p99_ms": 0.35565959115047,
    "min_ms": 0.14200000441633165,
    "max_ms": 1.3512090081349015,
    "memory_mb": 0.0443
  },
  "onnx": {
    "n_calls": 500,
    "mean_ms": 0.007985143980477005,
    "p50_ms": 0.004708010237663984,
    "p95_ms": 0.0051249953685328364,
    "p99_ms": 0.006301851099124169,
    "min_ms": 0.004417001036927104,
    "max_ms": 1.6047919925767928,
    "memory_mb": 0.001
  },
  "speedup_mean": 26.531,
  "n_calls": 500,
  "onnx_model_size_kb": 5.84
}