{
  "joblib_single": {
    "n_calls": 1000,
    "mean_ms": 0.230744382890407,
    "p50_ms": 0.22406247444450855,
    "p95_ms": 0.26511317992117256,
    "p99_ms": 0.3946420969441533,
    "min_ms": 0.17633300740271807,
    "max_ms": 1.7327499808743596
  },
  "joblib_batch50": {
    "n_calls": 1000,
    "mean_ms": 0.3965081535279751,
    "p50_ms": 0.26291649555787444,
    "p95_ms": 0.4789436992723492,
    "p99_ms": 2.226545817102301,
    "min_ms": 0.2229579840786755,
    "max_ms": 41.516375029459596
  }
}